{
  "Scenario": {
    "ScenId": 54,
    "Name": "Chart Test",
    "LibraryName": "Chart Test",
    "LastRunBy": "Raj",
    "LastRunTime": "2024-06-07T13:55:50.57",
    "Notes": "Completed"
  },
  "Projects": [
    {
      "SystemID": 1,
      "UserID": 30,
      "ScenarioId": 54,
      "ProjectID": 1,
      "StartYear": 2026,
      "EndYear": 2026,
      "District": 10,
      "County": 16,
      "Route": 68,
      "Notes": ""
    },
    {
      "SystemID": 4,
      "UserID": 30,
      "ScenarioId": 54,
      "ProjectID": 4,
      "StartYear": 2027,
      "EndYear": 2027,
      "District": 1,
      "County": 60,
      "Route": 8,
      "Notes": ""
    },
    {
      "SystemID": 6,
      "UserID": 30,
      "ScenarioId": 54,
      "ProjectID": 6,
      "StartYear": 2029,
      "EndYear": 2029,
      "District": 1,
      "County": 20,
      "Route": 6,
      "Notes": ""
    }
  ],
  "Treatments": [
    {
      "TreatmentID": 4,
      "ProjectID": 1,
      "MPMSID": "",
      "AssetType": "P",
      "Route": 68,
      "Dir": 0,
      "SectionFrom": 560,
      "SectionTo": 610,
      "BridgeID": null,
      "TreatmentType": "Preservation",
      "Treatment": "Mill-Resurface",
      "Year": 2026,
      "DirectCost": 172886.0,
      "DesignCost": 0,
      "ROWCost": 0,
      "UtilCost": 0,
      "OtherCost": 0,
      "BPN": 2,
      "Family": 19,
      "FunctionalClass": 14
    },
    {
      "TreatmentID": 20,
      "ProjectID": 1,
      "MPMSID": "",
      "AssetType": "P",
      "Route": 68,
      "Dir": 0,
      "SectionFrom": 520,
      "SectionTo": 550,
      "BridgeID": null,
      "TreatmentType": "Preservation",
      "Treatment": "Mill-Resurface",
      "Year": 2026,
      "DirectCost": 172886.0,
      "DesignCost": 0,
      "ROWCost": 0,
      "UtilCost": 0,
      "OtherCost": 0,
      "BPN": 3,
      "Family": 20,
      "FunctionalClass": 6
    },
    {
      "TreatmentID": 2,
      "ProjectID": 4,
      "MPMSID": "",
      "AssetType": "P",
      "Route": 8,
      "Dir": 0,
      "SectionFrom": 10,
      "SectionTo": 106,
      "BridgeID": null,
      "TreatmentType": "Maintenance",
      "Treatment": "Crack Seal",
      "Year": 2027,
      "DirectCost": 50000.0,
      "DesignCost": 0,
      "ROWCost": 0,
      "UtilCost": 0,
      "OtherCost": 0,
      "BPN": 2,
      "Family": 18,
      "FunctionalClass": 2
    },
    {
      "TreatmentID": 5,
      "ProjectID": 4,
      "MPMSID": "",
      "AssetType": "P",
      "Route": 8,
      "Dir": 0,
      "SectionFrom": 220,
      "SectionTo": 320,
      "BridgeID": null,
      "TreatmentType": "Maintenance",
      "Treatment": "Crack Seal",
      "Year": 2027,
      "DirectCost": 50000.0,
      "DesignCost": 0,
      "ROWCost": 0,
      "UtilCost": 0,
      "OtherCost": 0,
      "BPN": 2,
      "Family": 2,
      "FunctionalClass": 3
    },
    {
     "TreatmentID": 6,
      "ProjectID": 4,
      "MPMSID": "",
      "AssetType": "P",
      "Route": 8,
      "Dir": 0,
      "SectionFrom": 330,
      "SectionTo": 400,
      "BridgeID": null,
      "TreatmentType": "Maintenance",
      "Treatment": "Crack Seal",
      "Year": 2027,
      "DirectCost": 50000.0,
      "DesignCost": 0,
      "ROWCost": 0,
      "UtilCost": 0,
      "OtherCost": 0,
      "BPN": 2,
      "Family": 19,
      "FunctionalClass": 14
    },
    {
      "TreatmentID": 7,
      "ProjectID": 4,
      "MPMSID": "",
      "AssetType": "P",
      "Route": 8,
      "Dir": 0,
      "SectionFrom": 442,
      "SectionTo": 520,
      "BridgeID": null,
      "TreatmentType": "Maintenance",
      "Treatment": "Crack Seal",
      "Year": 2027,
      "DirectCost": 50000.0,
      "DesignCost": 0,
      "ROWCost": 0,
      "UtilCost": 0,
      "OtherCost": 0,
      "BPN": 3,
      "Family": 21,
      "FunctionalClass": 16
    },
    {
      "TreatmentID": 8,
      "ProjectID": 4,
      "MPMSID": "",
      "AssetType": "P",
      "Route": 8,
      "Dir": 0,
      "SectionFrom": 530,
      "SectionTo": 600,
      "BridgeID": null,
      "TreatmentType": "Maintenance",
      "Treatment": "Crack Seal",
      "Year": 2027,
      "DirectCost": 50000.0,
      "DesignCost": 0,
      "ROWCost": 0,
      "UtilCost": 0,
      "OtherCost": 0,
      "BPN": 3,
      "Family": 20,
      "FunctionalClass": 6
    },
    {
      "TreatmentID": 17,
      "ProjectID": 4,
      "MPMSID": "",
      "AssetType": "P",
      "Route": 8,
      "Dir": 0,
      "SectionFrom": 140,
      "SectionTo": 200,
      "BridgeID": null,
      "TreatmentType": "Maintenance",
      "Treatment": "Crack Seal",
      "Year": 2027,
      "DirectCost": 50000.0,
      "DesignCost": 0,
      "ROWCost": 0,
      "UtilCost": 0,
      "OtherCost": 0,
      "BPN": 2,
      "Family": 18,
      "FunctionalClass": 3
    },
    {
      "TreatmentID": 27,
      "ProjectID": 4,
      "MPMSID": "",
      "AssetType": "P",
      "Route": 8,
      "Dir": 0,
      "SectionFrom": 610,
      "SectionTo": 730,
      "BridgeID": null,
      "TreatmentType": "Maintenance",
      "Treatment": "Mechanized Patch",
      "Year": 2027,
      "DirectCost": 60000.0,
      "DesignCost": 0,
      "ROWCost": 0,
      "UtilCost": 0,
      "OtherCost": 0,
      "BPN": 3,
      "Family": 20,
      "FunctionalClass": 6
    },
    {
      "TreatmentID": 31,
      "ProjectID": 6,
      "MPMSID": "",
      "AssetType": "B",
      "Route": 6,
      "Dir": 0,
      "SectionFrom": 60,
      "SectionTo": 60,
      "BridgeID": 20000600600025,
      "BRKEY": 48032,
      "TreatmentType": "Preservation",
      "Treatment": "Epoxy Join Glands Coating",
      "Year": 2029,
      "DirectCost": 700000.0,
      "DesignCost": 0,
      "ROWCost": 0,
      "UtilCost": 0,
      "OtherCost": 0,
      "BPN":4,
      "Family": 4,
      "FunctionalClass": 7
    },
    {
      "TreatmentID": 32,
      "ProjectID": 6,
      "MPMSID": "",
      "AssetType": "P",
      "Route": 6,
      "Dir": 0,
      "SectionFrom": 140,
      "SectionTo": 180,
      "BridgeID": null,
      "TreatmentType": "Preservation",
      "Treatment": "Mill-Resurface",
      "Year": 2029,
      "DirectCost": 100000.0,
      "DesignCost": 0,
      "ROWCost": 0,
      "UtilCost": 0,
      "OtherCost": 0,
      "BPN": 3,
      "Family": 4,
      "FunctionalClass": 7
    }
  ]
}